strategy,tau_s,battery_peak_mw,battery_energy_swing_kwh,battery_charge_mwh,battery_discharge_mwh,battery_throughput_mwh,battery_loss_mwh,terminal_energy_error_kwh,battery_saturation_s,generator_max_ramp_mw_s,generator_ramp_violation_s,generator_reserve_violation_s,power_balance_error_mw,frequency_nadir_hz,frequency_zenith_hz,fleet_fuel_kg,mechanical_peak_mw,operating_cost,dynamic_screened,feasible,rejection_reason,scenario,hardware,max_additional_delay_s
immediate,0.0,0.0,0.0,0.0,0.0,0.0,0.0,0.0,0.0,5.901802721088433,2.0,0.0,0.0,58.57969306588102,60.87098571945207,1727.179660814108,33.235903125537504,431.794915203527,True,False,generator_ramp_violation_s;frequency_band,busy,6MW-1p5MWh,0.0
immediate,2.0,3.934535147392289,3.451346620519491,0.0036329964426533748,0.003278779289493957,0.006911775732147332,0.0003542171531586664,0.0,0.0,1.9672675736961445,8.0,0.0,0.0,,,,,,False,False,generator_ramp_violation_s,busy,6MW-1p5MWh,0.0
immediate,5.0,4.918168934240359,8.62836655129906,0.009082491106628456,0.008196948223734811,0.017279439330363265,0.0008855428828964127,0.0,0.0,0.983633786848074,8.0,0.0,0.0,,,,,,False,False,generator_ramp_violation_s,busy,6MW-1p5MWh,0.0
immediate,10.0,5.365275200989483,17.256733102598343,0.018164982213261138,0.016393896447468432,0.03455887866072957,0.001771085765792974,0.0,0.0,0.5365275200989501,1.0,0.0,0.0,,,,,,False,False,generator_ramp_violation_s,busy,6MW-1p5MWh,0.0
immediate,20.0,5.620764496274699,34.513466202866326,0.03632996442407267,0.03278779289272348,0.06911775731679615,0.0035421715313469744,0.0,0.0,0.2810382248137344,0.0,0.0,0.0,59.67808348795148,60.0,1727.6454694810425,28.227884368657545,433.2937225165965,True,True,,busy,6MW-1p5MWh,0.0
immediate,0.0,0.0,0.0,0.0,0.0,0.0,0.0,0.0,0.0,5.901802721088433,2.0,0.0,0.0,58.57969306588102,60.87098571945207,1727.179660814108,33.235903125537504,431.794915203527,True,False,generator_ramp_violation_s;frequency_band,busy,2MW-0p5MWh,0.0
immediate,2.0,2.0,2.7035224746168875,0.002845813131175325,0.002568346350886416,0.005414159482061741,0.0002774667802896302,0.0,4.0,3.9018027210884334,4.0,0.0,0.0,,,,,,False,False,generator_ramp_violation_s,busy,2MW-0p5MWh,0.0
immediate,5.0,2.0,6.391523608291094,0.006727919587675373,0.006071947427877491,0.012799867015552864,0.0006559721597983734,0.0,10.0,3.9018027210884334,2.0,0.0,0.0,,,,,,False,False,generator_ramp_violation_s,busy,2MW-0p5MWh,0.0
immediate,10.0,2.0,12.481128215450942,0.013138029700475366,0.011857071804678836,0.024995101505154202,0.0012809578957963385,0.0,21.0,3.9018027210884334,2.0,0.0,0.0,,,,,,False,False,generator_ramp_violation_s,busy,2MW-0p5MWh,0.0
immediate,20.0,2.0,24.663921046693073,0.025962022154413258,0.023430724994358595,0.04939274714877186,0.002531297160055326,0.0,41.0,3.9018027210884334,2.0,0.0,0.0,,,,,,False,False,generator_ramp_violation_s,busy,2MW-0p5MWh,0.0
immediate,0.0,0.0,0.0,0.0,0.0,0.0,0.0,0.0,0.0,5.901802721088433,2.0,0.0,0.0,58.57969306588102,60.87098571945207,1727.179660814108,33.235903125537504,431.794915203527,True,False,generator_ramp_violation_s;frequency_band,busy,4MW-1MWh,0.0
immediate,2.0,3.934535147392289,3.451346620519602,0.0036329964426507584,0.003278779289493957,0.006911775732144715,0.00035421715315853565,0.0,0.0,1.9672675736961445,8.0,0.0,0.0,,,,,,False,False,generator_ramp_violation_s,busy,4MW-1MWh,0.0
immediate,5.0,4.0,8.331102502729781,0.008769581581819905,0.007914547377593886,0.01668412895941379,0.0008550342042275155,0.0,3.0,1.9018027210884334,6.0,0.0,0.0,,,,,,False,False,generator_ramp_violation_s,busy,4MW-1MWh,0.0
immediate,10.0,4.0,16.464943477817407,0.01733151945033307,0.0156416963039272,0.032973215754260266,0.0016898231464075584,0.0,6.0,1.9018027210884334,2.0,0.0,0.0,,,,,,False,False,generator_ramp_violation_s,busy,4MW-1MWh,0.0
immediate,20.0,4.0,32.715210570705366,0.03443706375863797,0.0310794500421694,0.06551651380080736,0.00335761371646713,0.0,12.0,1.9018027210884334,2.0,0.0,0.0,,,,,,False,False,generator_ramp_violation_s,busy,4MW-1MWh,0.0
wave-512,0.0,0.0,0.0,0.0,0.0,0.0,0.0,0.0,0.0,1.1308843537414965,10.0,0.0,0.0,59.36274006355115,60.29697482376052,1727.1762777465465,28.517015922824065,431.7940694366366,True,False,generator_ramp_violation_s;frequency_band,busy,6MW-1p5MWh,4.0
wave-512,2.0,1.96392262254696,3.451346620519713,0.0036329964426534875,0.003278779289493957,0.0069117757321474444,0.00035421715315867204,0.0,0.0,0.98196131127348,10.0,0.0,0.0,,,,,,False,False,generator_ramp_violation_s,busy,6MW-1p5MWh,4.0
wave-512,5.0,3.3820364771422966,8.628366551298171,0.009082491106627505,0.0081969482237348,0.017279439330362308,0.0008855428828963646,0.0,0.0,0.6764072954284615,7.0,0.0,0.0,,,,,,False,False,generator_ramp_violation_s,busy,6MW-1p5MWh,4.0
wave-512,10.0,4.286941445894289,17.25673310259712,0.018164982213257633,0.01639389644746845,0.034558878660726086,0.0017710857657927998,0.0,0.0,0.42869414458942856,0.0,0.0,0.0,59.66629914606487,60.00075206793141,1727.4108742685448,28.22788436904794,432.54389614035074,True,True,,busy,6MW-1p5MWh,4.0
wave-512,20.0,4.898588932463017,34.51346620306484,0.03632996442428217,0.03278779289291153,0.0691177573171937,0.003542171531367347,0.0,0.0,0.24492944662314997,0.0,0.0,0.0,59.678083487950566,60.0,1727.6454694148376,28.227884368690578,433.29372250005326,True,True,,busy,6MW-1p5MWh,4.0
wave-512,0.0,0.0,0.0,0.0,0.0,0.0,0.0,0.0,0.0,1.1308843537414965,10.0,0.0,0.0,59.36274006355115,60.29697482376052,1727.1762777465465,28.517015922824065,431.7940694366366,True,False,generator_ramp_violation_s;frequency_band,busy,2MW-0p5MWh,4.0
wave-512,2.0,1.96392262254696,3.4513466205195744,0.0036329964426519224,0.003278779289493957,0.006911775732145879,0.0003542171531585938,0.0,0.0,0.98196131127348,10.0,0.0,0.0,,,,,,False,False,generator_ramp_violation_s,busy,2MW-0p5MWh,4.0
wave-512,5.0,2.0,7.3602134961286705,0.00774759315382052,0.0069922028213231305,0.01473979597514365,0.0007553903324975065,0.0,11.0,1.1308843537414965,6.0,0.0,0.0,,,,,,False,False,generator_ramp_violation_s,busy,2MW-0p5MWh,4.0
wave-512,10.0,2.0,13.492314961777051,0.014202436801870624,0.012817699213688761,0.027020136015559387,0.0013847375881824134,0.0,21.0,1.1308843537414965,6.0,0.0,0.0,,,,,,False,False,generator_ramp_violation_s,busy,2MW-0p5MWh,4.0
wave-512,20.0,2.0,25.66851764135561,0.027019492254059054,0.02438509175928742,0.05140458401334647,0.0026344004947707117,0.0,43.0,1.1308843537414965,6.0,0.0,0.0,,,,,,False,False,generator_ramp_violation_s,busy,2MW-0p5MWh,4.0
wave-512,0.0,0.0,0.0,0.0,0.0,0.0,0.0,0.0,0.0,1.1308843537414965,10.0,0.0,0.0,59.36274006355115,60.29697482376052,1727.1762777465465,28.517015922824065,431.7940694366366,True,False,generator_ramp_violation_s;frequency_band,busy,4MW-1MWh,4.0
wave-512,2.0,1.96392262254696,3.4513466205194354,0.0036329964426507822,0.003278779289493957,0.006911775732144739,0.00035421715315853684,0.0,0.0,0.98196131127348,10.0,0.0,0.0,,,,,,False,False,generator_ramp_violation_s,busy,4MW-1MWh,4.0
wave-512,5.0,3.3820364771422966,8.628366551298615,0.009082491106630123,0.0081969482237348,0.017279439330364924,0.0008855428828964955,0.0,0.0,0.6764072954284615,7.0,0.0,0.0,,,,,,False,False,generator_ramp_violation_s,busy,4MW-1MWh,4.0
wave-512,10.0,4.0,17.137127044979607,0.01803908109997901,0.016280270692731337,0.03431935179271035,0.001758810407247968,0.0,3.0,0.7156355904837177,1.0,0.0,0.0,,,,,,False,False,generator_ramp_violation_s,busy,4MW-1MWh,4.0
wave-512,20.0,4.0,33.58512111586664,0.03535275906933421,0.031905865060073035,0.06725862412940725,0.003446894009260028,0.0,10.0,1.1308843537414965,2.0,0.0,0.0,,,,,,False,False,generator_ramp_violation_s,busy,4MW-1MWh,4.0
wave-256,0.0,0.0,0.0,0.0,0.0,0.0,0.0,0.0,0.0,0.56544217687075,19.0,0.0,0.0,59.47033493010496,60.19539811952284,1727.1762777466952,28.40133099899454,431.7940694366738,True,False,generator_ramp_violation_s,busy,6MW-1p5MWh,9.0
wave-256,2.0,1.1112730888897424,3.451346620519491,0.003632996442653466,0.0032787792894939678,0.006911775732147433,0.00035421715315867155,0.0,0.0,0.5556365444448694,10.0,0.0,0.0,,,,,,False,False,generator_ramp_violation_s,busy,6MW-1p5MWh,9.0
wave-256,5.0,2.370600542523672,8.628366551298615,0.009082491106627878,0.008196948223734755,0.017279439330362634,0.000885542882896381,0.0,0.0,0.47412010850473507,0.0,0.0,0.0,59.599591331234954,60.05320957493261,1727.2935760081327,28.227884369047878,432.16898278864045,True,True,,busy,6MW-1p5MWh,9.0
wave-256,10.0,3.474397400178045,17.2567331025979,0.01816498221325943,0.01639389644746845,0.034558878660727876,0.0017710857657928898,0.0,0.0,0.34743974001780487,0.0,0.0,0.0,59.66709606014107,60.00077660678831,1727.4108742686333,28.227884369047352,432.54389614037285,True,True,,busy,6MW-1p5MWh,9.0
wave-256,20.0,4.393881485674381,34.51346620328499,0.03632996442451392,0.03278779289312007,0.06911775731763399,0.0035421715313899097,0.0,0.0,0.21969407428371923,0.0,0.0,0.0,59.678083487949536,60.0,1727.6454693185774,28.227884368727416,433.293722475997,True,True,,busy,6MW-1p5MWh,9.0
wave-256,0.0,0.0,0.0,0.0,0.0,0.0,0.0,0.0,0.0,0.56544217687075,19.0,0.0,0.0,59.47033493010496,60.19539811952284,1727.1762777466952,28.40133099899454,431.7940694366738,True,False,generator_ramp_violation_s,busy,2MW-0p5MWh,9.0
wave-256,2.0,1.1112730888897424,3.451346620519491,0.003632996442651911,0.0032787792894939678,0.006911775732145879,0.0003542171531585938,0.0,0.0,0.5556365444448694,10.0,0.0,0.0,,,,,,False,False,generator_ramp_violation_s,busy,2MW-0p5MWh,9.0
wave-256,5.0,2.0,8.32444536175933,0.008762574065009635,0.007908223093672251,0.016670797158681888,0.0008543509713384949,0.0,8.0,0.56544217687075,6.0,0.0,0.0,,,,,,False,False,generator_ramp_violation_s,busy,2MW-0p5MWh,9.0
wave-256,10.0,2.0,14.532865329151823,0.015297752978055329,0.01380622206269485,0.029103975040750178,0.00149153091536039,0.0,22.0,0.56544217687075,9.0,0.0,0.0,,,,,,False,False,generator_ramp_violation_s,busy,2MW-0p5MWh,9.0
wave-256,20.0,2.0,26.721491059949614,0.028127885326263473,0.025385416506951867,0.05351330183321534,0.00274246881931064,0.0,44.0,0.56544217687075,11.0,0.0,0.0,,,,,,False,False,generator_ramp_violation_s,busy,2MW-0p5MWh,9.0
wave-256,0.0,0.0,0.0,0.0,0.0,0.0,0.0,0.0,0.0,0.56544217687075,19.0,0.0,0.0,59.47033493010496,60.19539811952284,1727.1762777466952,28.40133099899454,431.7940694366738,True,False,generator_ramp_violation_s,busy,4MW-1MWh,9.0
wave-256,2.0,1.1112730888897424,3.4513466205197685,0.0036329964426511843,0.0032787792894939678,0.006911775732145152,0.0003542171531585575,0.0,0.0,0.5556365444448694,10.0,0.0,0.0,,,,,,False,False,generator_ramp_violation_s,busy,4MW-1MWh,9.0
wave-256,5.0,2.370600542523672,8.628366551298894,0.00908249110663007,0.008196948223734755,0.017279439330364826,0.0008855428828964905,0.0,0.0,0.47412010850473507,0.0,0.0,0.0,59.599591331234954,60.05320957493261,1727.2935760081332,28.227884369047878,432.1689827886406,True,True,,busy,4MW-1MWh,9.0
wave-256,10.0,3.474397400178045,17.256733102597565,0.018164982213259215,0.01639389644746845,0.03455887866072767,0.0017710857657928791,0.0,0.0,0.34743974001780487,0.0,0.0,0.0,59.66709606014107,60.00077660678831,1727.4108742686328,28.227884369047352,432.54389614037274,True,True,,busy,4MW-1MWh,9.0
wave-256,20.0,4.0,34.231657054654804,0.03603332321542431,0.032520074201922176,0.06855339741734648,0.0035132490135039614,0.0,5.0,0.5654421768707465,1.0,0.0,0.0,,,,,,False,False,generator_ramp_violation_s,busy,4MW-1MWh,9.0
wave-226,0.0,0.0,0.0,0.0,0.0,0.0,0.0,0.0,0.0,0.49917942176870866,0.0,0.0,0.0,59.48296625086395,60.167545473538034,1727.1762777466706,28.451132167966115,431.79406943666766,True,True,,busy,6MW-1p5MWh,11.0
wave-226,2.0,0.9868167970361199,3.451346620519491,0.003632996442653429,0.0032787792894939513,0.00691177573214738,0.00035421715315866884,0.0,0.0,0.49340839851805995,0.0,0.0,0.0,59.535898763436336,60.11307517611061,1727.2231970513224,28.2424853162654,431.9440347774735,True,True,,busy,6MW-1p5MWh,11.0
wave-226,5.0,2.159979344346155,8.628366551298727,0.009082491106627795,0.008196948223734764,0.017279439330362557,0.0008855428828963773,0.0,0.0,0.43199586886923314,0.0,0.0,0.0,59.60263509178721,60.05055415164859,1727.293576008156,28.227884369047906,432.16898278864625,True,True,,busy,6MW-1p5MWh,11.0
wave-226,10.0,3.3209362532308333,17.25673310259723,0.018164982213262137,0.016393896447468425,0.03455887866073056,0.0017710857657930238,0.0,0.0,0.3320936253230826,0.0,0.0,0.0,59.667339290086936,60.00078479302069,1727.4108742685949,28.22788436904737,432.5438961403633,True,True,,busy,6MW-1p5MWh,11.0
wave-226,20.0,4.340209645791106,34.51346620339679,0.036329964424628367,0.03278779289322737,0.06911775731785574,0.0035421715314012795,0.0,0.0,0.217010482289556,0.0,0.0,0.0,59.67808348794901,60.0,1727.6454692897942,28.227884368746423,433.29372246880564,True,True,,busy,6MW-1p5MWh,11.0
wave-226,0.0,0.0,0.0,0.0,0.0,0.0,0.0,0.0,0.0,0.49917942176870866,0.0,0.0,0.0,59.48296625086395,60.167545473538034,1727.1762777466706,28.451132167966115,431.79406943666766,True,True,,busy,2MW-0p5MWh,11.0
wave-226,2.0,0.9868167970361199,3.4513466205196295,0.00363299644265195,0.0032787792894939513,0.006911775732145901,0.0003542171531585949,0.0,0.0,0.49340839851805995,0.0,0.0,0.0,59.535898763436336,60.11307517611061,1727.2231970513221,28.2424853162654,431.94403477747346,True,True,,busy,2MW-0p5MWh,11.0
wave-226,5.0,2.0,8.509275610146055,0.008957132221205828,0.008083811829639628,0.017040944050845455,0.0008733203915676402,0.0,6.0,0.49917942176870866,0.0,0.0,0.0,59.603947393756776,60.0504033736664,1727.2919663732437,28.22788436904787,432.1638104743278,True,True,,busy,2MW-0p5MWh,11.0
wave-226,10.0,2.0,14.811855243839018,0.015591426572462026,0.014071262481647674,0.029662689054109702,0.001520164090815084,0.0,22.0,0.49917942176870866,0.0,0.0,0.0,59.61829525698519,60.02243228467399,1727.3777249143202,28.2278843690475,432.43768500966223,True,True,,busy,2MW-0p5MWh,11.0
wave-226,20.0,2.0,26.984603587158123,0.028404845881218634,0.02563537340779989,0.054040219289018525,0.0027694724734188205,0.0,43.0,0.49917942176870866,0.0,0.0,0.0,59.616544075070735,60.025079148867185,1727.5433492217298,28.227884368746423,432.9666416912128,True,True,,busy,2MW-0p5MWh,11.0
wave-226,0.0,0.0,0.0,0.0,0.0,0.0,0.0,0.0,0.0,0.49917942176870866,0.0,0.0,0.0,59.48296625086395,60.167545473538034,1727.1762777466706,28.451132167966115,431.79406943666766,True,True,,busy,4MW-1MWh,11.0
wave-226,2.0,0.9868167970361199,3.451346620519491,0.003632996442650861,0.0032787792894939513,0.006911775732144812,0.00035421715315854047,0.0,0.0,0.49340839851805995,0.0,0.0,0.0,59.535898763436336,60.11307517611061,1727.2231970513224,28.2424853162654,431.94403477747346,True,True,,busy,4MW-1MWh,11.0
wave-226,5.0,2.159979344346155,8.62836655129856,0.009082491106629917,0.008196948223734764,0.01727943933036468,0.0008855428828964834,0.0,0.0,0.43199586886923314,0.0,0.0,0.0,59.60263509178721,60.05055415164859,1727.2935760081566,28.227884369047906,432.1689827886464,True,True,,busy,4MW-1MWh,11.0
wave-226,10.0,3.3209362532308333,17.25673310259779,0.01816498221325968,0.016393896447468425,0.034558878660728105,0.0017710857657929008,0.0,0.0,0.3320936253230826,0.0,0.0,0.0,59.667339290086936,60.00078479302069,1727.4108742685949,28.22788436904737,432.5438961403633,True,True,,busy,4MW-1MWh,11.0
wave-226,20.0,4.0,34.332140563563875,0.03613909533006724,0.03261553353538552,0.06875462886545276,0.003523561794681547,0.0,3.0,0.4108290816326523,0.0,0.0,0.0,59.67808348794901,60.0,1727.643026850586,28.227884368746423,433.28584928995554,True,True,,busy,4MW-1MWh,11.0
reuse-226,0.0,0.0,0.0,0.0,0.0,0.0,0.0,0.0,0.0,0.49917942176870866,0.0,0.0,0.0,59.48296625086395,60.167545473538034,1727.1762777466706,28.451132167966115,431.79406943666766,True,True,,busy,6MW-1p5MWh,11.0
reuse-226,2.0,0.9868167970361199,3.451346620519491,0.003632996442653429,0.0032787792894939513,0.00691177573214738,0.00035421715315866884,0.0,0.0,0.49340839851805995,0.0,0.0,0.0,59.535898763436336,60.11307517611061,1727.2231970513224,28.2424853162654,431.9440347774735,True,True,,busy,6MW-1p5MWh,11.0
reuse-226,5.0,2.159979344346155,8.628366551298727,0.009082491106627795,0.008196948223734764,0.017279439330362557,0.0008855428828963773,0.0,0.0,0.43199586886923314,0.0,0.0,0.0,59.60263509178721,60.05055415164859,1727.293576008156,28.227884369047906,432.16898278864625,True,True,,busy,6MW-1p5MWh,11.0
reuse-226,10.0,3.3209362532308333,17.25673310259723,0.018164982213262137,0.016393896447468425,0.03455887866073056,0.0017710857657930238,0.0,0.0,0.3320936253230826,0.0,0.0,0.0,59.667339290086936,60.00078479302069,1727.4108742685949,28.22788436904737,432.5438961403633,True,True,,busy,6MW-1p5MWh,11.0
reuse-226,20.0,4.340209645791106,34.51346620339679,0.036329964424628367,0.03278779289322737,0.06911775731785574,0.0035421715314012795,0.0,0.0,0.217010482289556,0.0,0.0,0.0,59.67808348794901,60.0,1727.6454692897942,28.227884368746423,433.29372246880564,True,True,,busy,6MW-1p5MWh,11.0
reuse-226,0.0,0.0,0.0,0.0,0.0,0.0,0.0,0.0,0.0,0.49917942176870866,0.0,0.0,0.0,59.48296625086395,60.167545473538034,1727.1762777466706,28.451132167966115,431.79406943666766,True,True,,busy,2MW-0p5MWh,11.0
reuse-226,2.0,0.9868167970361199,3.4513466205196295,0.00363299644265195,0.0032787792894939513,0.006911775732145901,0.0003542171531585949,0.0,0.0,0.49340839851805995,0.0,0.0,0.0,59.535898763436336,60.11307517611061,1727.2231970513221,28.2424853162654,431.94403477747346,True,True,,busy,2MW-0p5MWh,11.0
reuse-226,5.0,2.0,8.509275610146055,0.008957132221205828,0.008083811829639628,0.017040944050845455,0.0008733203915676402,0.0,6.0,0.49917942176870866,0.0,0.0,0.0,59.603947393756776,60.0504033736664,1727.2919663732437,28.22788436904787,432.1638104743278,True,True,,busy,2MW-0p5MWh,11.0
reuse-226,10.0,2.0,14.811855243839018,0.015591426572462026,0.014071262481647674,0.029662689054109702,0.001520164090815084,0.0,22.0,0.49917942176870866,0.0,0.0,0.0,59.61829525698519,60.02243228467399,1727.3777249143202,28.2278843690475,432.43768500966223,True,True,,busy,2MW-0p5MWh,11.0
reuse-226,20.0,2.0,26.984603587158123,0.028404845881218634,0.02563537340779989,0.054040219289018525,0.0027694724734188205,0.0,43.0,0.49917942176870866,0.0,0.0,0.0,59.616544075070735,60.025079148867185,1727.5433492217298,28.227884368746423,432.9666416912128,True,True,,busy,2MW-0p5MWh,11.0
reuse-226,0.0,0.0,0.0,0.0,0.0,0.0,0.0,0.0,0.0,0.49917942176870866,0.0,0.0,0.0,59.48296625086395,60.167545473538034,1727.1762777466706,28.451132167966115,431.79406943666766,True,True,,busy,4MW-1MWh,11.0
reuse-226,2.0,0.9868167970361199,3.451346620519491,0.003632996442650861,0.0032787792894939513,0.006911775732144812,0.00035421715315854047,0.0,0.0,0.49340839851805995,0.0,0.0,0.0,59.535898763436336,60.11307517611061,1727.2231970513224,28.2424853162654,431.94403477747346,True,True,,busy,4MW-1MWh,11.0
reuse-226,5.0,2.159979344346155,8.62836655129856,0.009082491106629917,0.008196948223734764,0.01727943933036468,0.0008855428828964834,0.0,0.0,0.43199586886923314,0.0,0.0,0.0,59.60263509178721,60.05055415164859,1727.2935760081566,28.227884369047906,432.1689827886464,True,True,,busy,4MW-1MWh,11.0
reuse-226,10.0,3.3209362532308333,17.25673310259779,0.01816498221325968,0.016393896447468425,0.034558878660728105,0.0017710857657929008,0.0,0.0,0.3320936253230826,0.0,0.0,0.0,59.667339290086936,60.00078479302069,1727.4108742685949,28.22788436904737,432.5438961403633,True,True,,busy,4MW-1MWh,11.0
reuse-226,20.0,4.0,34.332140563563875,0.03613909533006724,0.03261553353538552,0.06875462886545276,0.003523561794681547,0.0,3.0,0.4108290816326523,0.0,0.0,0.0,59.67808348794901,60.0,1727.643026850586,28.227884368746423,433.28584928995554,True,True,,busy,4MW-1MWh,11.0
